implementation,corpus_name,cold_ns,warm_ns,parse_eval_ns,compile_ns,memory_bytes_per_eval
blaze-compile,ansible-meta,13200000,111890,1442433,10800000,
blaze-template,ansible-meta,11500000,111890,1442433,0,
corvus-runtime-jit,ansible-meta,152300000,77670,213350,114990000,0
corvus-runtime-r2r,ansible-meta,55800000,75740,222800,,0
corvus-runtime-aot,ansible-meta,4200000,87580,225290,1230000,0
corvus-image-jit,ansible-meta,120300000,77670,213350,33560000,0
corvus-image-aot,ansible-meta,3800000,87580,225290,430000,0
corvus-generated-jit,ansible-meta,122000000,82290,209660,43830000,0
corvus-generated-aot,ansible-meta,4100000,91880,231340,530000,0
blaze-compile,aws-cdk,7400000,24570,3105643,200000,
blaze-template,aws-cdk,6200000,24570,3105643,0,
corvus-runtime-jit,aws-cdk,145100000,16580,358160,65880000,0
corvus-runtime-r2r,aws-cdk,45500000,15190,382700,,0
corvus-runtime-aot,aws-cdk,4200000,16860,422980,100000,0
corvus-image-jit,aws-cdk,113200000,16580,358160,16680000,0
corvus-image-aot,aws-cdk,4100000,16860,422980,40000,0
corvus-generated-jit,aws-cdk,115800000,18480,325330,29600000,0
corvus-generated-aot,aws-cdk,4500000,16730,424560,60000,0
blaze-compile,babelrc,6300000,48010,2179274,1400000,
blaze-template,babelrc,5900000,48010,2179274,0,
corvus-runtime-jit,babelrc,141900000,50730,279230,72180000,0
corvus-runtime-r2r,babelrc,46500000,51930,288440,,0
corvus-runtime-aot,babelrc,3500000,52470,266060,230000,0
corvus-image-jit,babelrc,108000000,50730,279230,23800000,0
corvus-image-aot,babelrc,3400000,52470,266060,90000,0
corvus-generated-jit,babelrc,106300000,53870,240450,32700000,0
corvus-generated-aot,babelrc,3700000,56320,259490,110000,0
blaze-compile,clang-format,9600000,47200,508382,7000000,
blaze-template,clang-format,9300000,47200,508382,0,
corvus-runtime-jit,clang-format,145800000,16600,59130,104480000,0
corvus-runtime-r2r,clang-format,43900000,17370,59440,,0
corvus-runtime-aot,clang-format,3800000,17330,145820,940000,0
corvus-image-jit,clang-format,121600000,16600,59130,25170000,0
corvus-image-aot,clang-format,3100000,17330,145820,410000,0
corvus-generated-jit,clang-format,124300000,17380,64030,35480000,0
corvus-generated-aot,clang-format,3600000,25160,67950,500000,0
blaze-compile,cmake-presets,39200000,1820000,20013070,21200000,
blaze-template,cmake-presets,34300000,1820000,20013070,0,
corvus-runtime-jit,cmake-presets,197400000,1620000,3630000,84660000,0
corvus-runtime-r2r,cmake-presets,108100000,1640000,3890000,,0
corvus-runtime-aot,cmake-presets,14000000,1760000,4460000,1810000,0
corvus-image-jit,cmake-presets,171000000,1620000,3630000,25590000,0
corvus-image-aot,cmake-presets,12800000,1760000,4460000,680000,0
corvus-generated-jit,cmake-presets,162400000,1610000,3680000,45700000,0
corvus-generated-aot,cmake-presets,13600000,1850000,4470000,810000,0
blaze-compile,code-climate,14300000,81830,10726432,1300000,
blaze-template,code-climate,14100000,81830,10726432,0,
corvus-runtime-jit,code-climate,149300000,61620,1080000,83960000,0
corvus-runtime-r2r,code-climate,54400000,64930,1250000,,0
corvus-runtime-aot,code-climate,6000000,70700,1130000,190000,0
corvus-image-jit,code-climate,111700000,61620,1080000,16260000,0
corvus-image-aot,code-climate,5300000,70700,1130000,60000,0
corvus-generated-jit,code-climate,102600000,61290,948830,28530000,0
corvus-generated-aot,code-climate,6000000,70560,1170000,80000,0
blaze-compile,cql2,13700000,105770,487447,19800000,
blaze-template,cql2,20600000,105770,487447,0,
corvus-runtime-jit,cql2,156800000,52970,95710,86350000,0
corvus-runtime-r2r,cql2,50400000,54580,99280,,0
corvus-runtime-aot,cql2,3700000,58200,107000,880000,0
corvus-image-jit,cql2,114400000,52970,95710,29590000,0
corvus-image-aot,cql2,3000000,58200,107000,370000,0
corvus-generated-jit,cql2,114500000,55500,96280,44810000,0
corvus-generated-aot,cql2,3900000,60090,106430,430000,0
blaze-compile,cspell,24500000,250890,6834697,17900000,
blaze-template,cspell,23600000,250890,6834697,0,
corvus-runtime-jit,cspell,176000000,168560,897460,83170000,0
corvus-runtime-r2r,cspell,67900000,168410,927630,,0
corvus-runtime-aot,cspell,6700000,173310,1010000,1540000,0
corvus-image-jit,cspell,122700000,168560,897460,32280000,0
corvus-image-aot,cspell,5600000,173310,1010000,630000,0
corvus-generated-jit,cspell,121800000,163940,873410,43110000,0
corvus-generated-aot,cspell,6200000,182700,1020000,520000,0
blaze-compile,cypress,9200000,77670,4394448,2500000,
blaze-template,cypress,9000000,77670,4394448,0,
corvus-runtime-jit,cypress,152500000,51300,542080,76990000,0
corvus-runtime-r2r,cypress,52100000,51750,593060,,0
corvus-runtime-aot,cypress,5100000,50040,615260,500000,0
corvus-image-jit,cypress,123000000,51300,542080,26660000,0
corvus-image-aot,cypress,4900000,50040,615260,150000,0
corvus-generated-jit,cypress,122400000,48370,519960,35130000,0
corvus-generated-aot,cypress,5500000,50410,601530,180000,0
blaze-compile,deno,13800000,117520,6420651,3900000,
blaze-template,deno,13400000,117520,6420651,0,
corvus-runtime-jit,deno,151900000,81090,904820,88100000,0
corvus-runtime-r2r,deno,56000000,79540,945030,,0
corvus-runtime-aot,deno,6400000,88290,1090000,410000,0
corvus-image-jit,deno,125700000,81090,904820,26110000,0
corvus-image-aot,deno,6200000,88290,1090000,150000,0
corvus-generated-jit,deno,126500000,75080,880900,34910000,0
corvus-generated-aot,deno,6400000,88690,1020000,190000,0
blaze-compile,dependabot,8400000,145980,4298445,1600000,
blaze-template,dependabot,8000000,145980,4298445,0,
corvus-runtime-jit,dependabot,145200000,127690,591520,94510000,0
corvus-runtime-r2r,dependabot,50200000,132940,692470,,0
corvus-runtime-aot,dependabot,4900000,134470,643070,270000,0
corvus-image-jit,dependabot,119600000,127690,591520,23510000,0
corvus-image-aot,dependabot,4500000,134470,643070,240000,0
corvus-generated-jit,dependabot,108200000,131920,555080,32110000,0
corvus-generated-aot,dependabot,4800000,133010,649640,130000,0
blaze-compile,draft-04,47200000,3150000,41740414,1900000,
blaze-template,draft-04,42700000,3150000,41740414,0,
corvus-runtime-jit,draft-04,220200000,1700000,5600000,73800000,0
corvus-runtime-r2r,draft-04,170400000,1800000,6420000,,0
corvus-runtime-aot,draft-04,21300000,1950000,7160000,280000,0
corvus-image-jit,draft-04,187500000,1700000,5600000,23710000,0
corvus-image-aot,draft-04,20200000,1950000,7160000,100000,0
corvus-generated-jit,draft-04,175000000,1850000,5740000,37670000,0
corvus-generated-aot,draft-04,20200000,1850000,7150000,170000,0
blaze-compile,fabric-mod,10600000,332870,5618617,2700000,
blaze-template,fabric-mod,9700000,332870,5618617,0,
corvus-runtime-jit,fabric-mod,151400000,168740,729340,77700000,0
corvus-runtime-r2r,fabric-mod,56600000,170550,788530,,0
corvus-runtime-aot,fabric-mod,4800000,166480,842090,320000,0
corvus-image-jit,fabric-mod,125600000,168740,729340,29270000,0
corvus-image-aot,fabric-mod,4600000,166480,842090,120000,0
corvus-generated-jit,fabric-mod,130300000,164810,648960,39810000,0
corvus-generated-aot,fabric-mod,5300000,163070,792820,160000,0
blaze-compile,geojson,193400000,6410000,191609322,10400000,
blaze-template,geojson,191700000,6410000,191609322,0,
corvus-runtime-jit,geojson,459100000,5170000,51780000,79450000,0
corvus-runtime-r2r,geojson,334800000,5150000,55220000,,0
corvus-runtime-aot,geojson,138000000,5840000,58870000,910000,0
corvus-image-jit,geojson,397900000,5170000,51780000,23740000,0
corvus-image-aot,geojson,136900000,5840000,58870000,500000,0
corvus-generated-jit,geojson,391200000,5400000,50540000,35970000,0
corvus-generated-aot,geojson,133400000,6260000,58950000,470000,0
blaze-compile,gitpod-configuration,8400000,101870,3787384,2700000,
blaze-template,gitpod-configuration,7700000,101870,3787384,0,
corvus-runtime-jit,gitpod-configuration,148900000,70700,484360,82120000,0
corvus-runtime-r2r,gitpod-configuration,47000000,70410,504550,,0
corvus-runtime-aot,gitpod-configuration,4200000,67180,514180,350000,0
corvus-image-jit,gitpod-configuration,110400000,70700,484360,27150000,0
corvus-image-aot,gitpod-configuration,4200000,67180,514180,120000,0
corvus-generated-jit,gitpod-configuration,110000000,68290,490680,36420000,0
corvus-generated-aot,gitpod-configuration,4400000,68660,487990,160000,0
blaze-compile,helm-chart-lock,14400000,81260,12789329,400000,
blaze-template,helm-chart-lock,15300000,81260,12789329,0,
corvus-runtime-jit,helm-chart-lock,133400000,186770,1270000,88370000,0
corvus-runtime-r2r,helm-chart-lock,63100000,188300,1460000,,0
corvus-runtime-aot,helm-chart-lock,6300000,197360,1360000,170000,0
corvus-image-jit,helm-chart-lock,121700000,186770,1270000,15840000,0
corvus-image-aot,helm-chart-lock,6600000,197360,1360000,40000,0
corvus-generated-jit,helm-chart-lock,119100000,184970,1120000,28710000,0
corvus-generated-aot,helm-chart-lock,7100000,199490,1300000,60000,0
blaze-compile,importmap,6500000,15680,3522365,100000,
blaze-template,importmap,6500000,15680,3522365,0,
corvus-runtime-jit,importmap,129800000,20280,328170,55760000,0
corvus-runtime-r2r,importmap,44900000,19870,322330,,0
corvus-runtime-aot,importmap,4100000,22470,362800,90000,0
corvus-image-jit,importmap,106900000,20280,328170,15200000,0
corvus-image-aot,importmap,4100000,22470,362800,30000,0
corvus-generated-jit,importmap,99200000,21080,279930,28190000,0
corvus-generated-aot,importmap,4800000,23600,348120,50000,0
blaze-compile,jasmine,5600000,53270,2402245,1100000,
blaze-template,jasmine,5500000,53270,2402245,0,
corvus-runtime-jit,jasmine,138600000,52150,289070,99430000,0
corvus-runtime-r2r,jasmine,44700000,51600,273910,,0
corvus-runtime-aot,jasmine,3300000,53880,243140,170000,0
corvus-image-jit,jasmine,111000000,52150,289070,18310000,0
corvus-image-aot,jasmine,3200000,53880,243140,70000,0
corvus-generated-jit,jasmine,107900000,52960,231250,31720000,0
corvus-generated-aot,jasmine,3500000,57110,270520,90000,0
blaze-compile,jsconfig,13900000,179690,3366343,8200000,
blaze-template,jsconfig,12200000,179690,3366343,0,
corvus-runtime-jit,jsconfig,153300000,145720,464810,92000000,0
corvus-runtime-r2r,jsconfig,53400000,145660,476010,,0
corvus-runtime-aot,jsconfig,4500000,155710,483620,910000,0
corvus-image-jit,jsconfig,135700000,145720,464810,30090000,0
corvus-image-aot,jsconfig,3900000,155710,483620,410000,0
corvus-generated-jit,jsconfig,118700000,145950,428040,39280000,0
corvus-generated-aot,jsconfig,4700000,148890,480530,490000,0
blaze-compile,jshintrc,9400000,466250,4897507,2300000,
blaze-template,jshintrc,9200000,466250,4897507,0,
corvus-runtime-jit,jshintrc,127500000,107500,624760,79450000,0
corvus-runtime-r2r,jshintrc,47900000,108130,651690,,0
corvus-runtime-aot,jshintrc,4700000,108090,732530,250000,0
corvus-image-jit,jshintrc,102900000,107500,624760,21580000,0
corvus-image-aot,jshintrc,4100000,108090,732530,100000,0
corvus-generated-jit,jshintrc,107800000,99830,568510,31440000,0
corvus-generated-aot,jshintrc,5000000,112090,716480,150000,0
blaze-compile,krakend,55300000,85330,989104,62500000,
blaze-template,krakend,44600000,85330,989104,0,
corvus-runtime-jit,krakend,177000000,66350,155060,109830000,0
corvus-runtime-r2r,krakend,61900000,66490,178080,,0
corvus-runtime-aot,krakend,8600000,75640,197710,5200000,0
corvus-image-jit,krakend,119900000,66350,155060,36060000,0
corvus-image-aot,krakend,5500000,75640,197710,2090000,0
corvus-generated-jit,krakend,124500000,64290,158620,52790000,0
corvus-generated-aot,krakend,5800000,79280,188090,2360000,0
blaze-compile,lazygit,16000000,56730,989353,13000000,
blaze-template,lazygit,13400000,56730,989353,0,
corvus-runtime-jit,lazygit,159800000,38180,146730,109520000,0
corvus-runtime-r2r,lazygit,56900000,39410,150680,,0
corvus-runtime-aot,lazygit,4500000,42100,151930,1370000,0
corvus-image-jit,lazygit,123800000,38180,146730,37070000,0
corvus-image-aot,lazygit,3500000,42100,151930,870000,0
corvus-generated-jit,lazygit,123000000,39260,141390,45210000,0
corvus-generated-aot,lazygit,4100000,42800,153820,1000000,0
blaze-compile,lerna,6400000,60500,3105315,700000,
blaze-template,lerna,6300000,60500,3105315,0,
corvus-runtime-jit,lerna,153600000,34890,319900,69380000,0
corvus-runtime-r2r,lerna,42300000,34240,297190,,0
corvus-runtime-aot,lerna,3700000,35840,300740,150000,0
corvus-image-jit,lerna,100400000,34890,319900,16060000,0
corvus-image-aot,lerna,3600000,35840,300740,60000,0
corvus-generated-jit,lerna,102900000,33840,255960,28770000,0
corvus-generated-aot,lerna,3900000,37510,286330,100000,0
blaze-compile,nest-cli,9700000,90630,3642355,3900000,
blaze-template,nest-cli,9000000,90630,3642355,0,
corvus-runtime-jit,nest-cli,140000000,63270,389370,78180000,0
corvus-runtime-r2r,nest-cli,49500000,62820,411020,,0
corvus-runtime-aot,nest-cli,4400000,63020,395230,420000,0
corvus-image-jit,nest-cli,113100000,63270,389370,25110000,0
corvus-image-aot,nest-cli,4400000,63020,395230,170000,0
corvus-generated-jit,nest-cli,110200000,61930,344130,31480000,0
corvus-generated-aot,nest-cli,4400000,66730,400180,220000,0
blaze-compile,omnisharp,9700000,239020,4369443,3700000,
blaze-template,omnisharp,9300000,239020,4369443,0,
corvus-runtime-jit,omnisharp,134600000,67490,465530,73260000,0
corvus-runtime-r2r,omnisharp,50300000,70580,470390,,0
corvus-runtime-aot,omnisharp,4500000,74680,549960,380000,0
corvus-image-jit,omnisharp,108200000,67490,465530,22640000,0
corvus-image-aot,omnisharp,4200000,74680,549960,160000,0
corvus-generated-jit,omnisharp,117500000,68320,403250,30150000,0
corvus-generated-aot,omnisharp,4900000,79060,551080,210000,0
blaze-compile,openapi,90600000,5820000,77685603,11800000,
blaze-template,openapi,86000000,5820000,77685603,0,
corvus-runtime-jit,openapi,298900000,2990000,13040000,97570000,0
corvus-runtime-r2r,openapi,250200000,2850000,14330000,,0
corvus-runtime-aot,openapi,50600000,2930000,16070000,1270000,0
corvus-image-jit,openapi,278900000,2990000,13040000,35210000,0
corvus-image-aot,openapi,49200000,2930000,16070000,790000,0
corvus-generated-jit,openapi,259900000,2910000,13110000,55290000,0
corvus-generated-aot,openapi,48800000,2980000,16300000,970000,0
blaze-compile,pre-commit-hooks,8700000,218530,4840491,1500000,
blaze-template,pre-commit-hooks,8800000,218530,4840491,0,
corvus-runtime-jit,pre-commit-hooks,142500000,95500,547110,77020000,0
corvus-runtime-r2r,pre-commit-hooks,48800000,96820,604010,,0
corvus-runtime-aot,pre-commit-hooks,4700000,100730,617440,280000,0
corvus-image-jit,pre-commit-hooks,121200000,95500,547110,21770000,0
corvus-image-aot,pre-commit-hooks,4300000,100730,617440,120000,0
corvus-generated-jit,pre-commit-hooks,102100000,97270,515760,29990000,0
corvus-generated-aot,pre-commit-hooks,4700000,101100,620010,160000,0
blaze-compile,pulumi,16500000,257040,12880338,2400000,
blaze-template,pulumi,16700000,257040,12880338,0,
corvus-runtime-jit,pulumi,153500000,181360,1140000,75810000,0
corvus-runtime-r2r,pulumi,66000000,181470,1200000,,0
corvus-runtime-aot,pulumi,6600000,187500,1150000,310000,0
corvus-image-jit,pulumi,132700000,181360,1140000,27390000,0
corvus-image-aot,pulumi,6400000,187500,1150000,130000,0
corvus-generated-jit,pulumi,118400000,178570,970280,36670000,0
corvus-generated-aot,pulumi,6500000,192980,1160000,160000,0
blaze-compile,semantic-release,7300000,43050,3736471,900000,
blaze-template,semantic-release,6800000,43050,3736471,0,
corvus-runtime-jit,semantic-release,145900000,37550,415530,76340000,0
corvus-runtime-r2r,semantic-release,45000000,37770,441720,,0
corvus-runtime-aot,semantic-release,3900000,40010,455270,230000,0
corvus-image-jit,semantic-release,110600000,37550,415530,17520000,0
corvus-image-aot,semantic-release,3800000,40010,455270,60000,0
corvus-generated-jit,semantic-release,107700000,36320,382870,30290000,0
corvus-generated-aot,semantic-release,4200000,38370,435720,80000,0
blaze-compile,stale,6200000,72020,3040316,600000,
blaze-template,stale,6500000,72020,3040316,0,
corvus-runtime-jit,stale,144100000,70180,402820,75470000,0
corvus-runtime-r2r,stale,47400000,71870,409370,,0
corvus-runtime-aot,stale,4000000,76130,410320,170000,0
corvus-image-jit,stale,111300000,70180,402820,23660000,0
corvus-image-aot,stale,4000000,76130,410320,80000,0
corvus-generated-jit,stale,106700000,73090,369440,32920000,0
corvus-generated-aot,stale,4400000,74390,422400,100000,0
blaze-compile,stylecop,9200000,121080,3962403,2500000,
blaze-template,stylecop,8100000,121080,3962403,0,
corvus-runtime-jit,stylecop,145200000,103870,566240,93000000,0
corvus-runtime-r2r,stylecop,49200000,103680,564890,,0
corvus-runtime-aot,stylecop,4700000,112710,570830,290000,0
corvus-image-jit,stylecop,129300000,103870,566240,26590000,0
corvus-image-aot,stylecop,4200000,112710,570830,120000,0
corvus-generated-jit,stylecop,114800000,102410,484260,39760000,0
corvus-generated-aot,stylecop,4800000,112670,565570,160000,0
blaze-compile,tmuxinator,5500000,52530,1907499,1300000,
blaze-template,tmuxinator,5600000,52530,1907499,0,
corvus-runtime-jit,tmuxinator,134900000,23070,231740,71270000,0
corvus-runtime-r2r,tmuxinator,43900000,23310,262150,,0
corvus-runtime-aot,tmuxinator,3500000,26020,268880,220000,0
corvus-image-jit,tmuxinator,107400000,23070,231740,17280000,0
corvus-image-aot,tmuxinator,3500000,26020,268880,140000,0
corvus-generated-jit,tmuxinator,107400000,24540,235650,30640000,0
corvus-generated-aot,tmuxinator,3800000,26560,280010,100000,0
blaze-compile,ui5,35500000,236230,5037535,37300000,
blaze-template,ui5,27000000,236230,5037535,0,
corvus-runtime-jit,ui5,193500000,373350,864660,116140000,0
corvus-runtime-r2r,ui5,89500000,356270,971460,,0
corvus-runtime-aot,ui5,8700000,376110,980900,3460000,0
corvus-image-jit,ui5,166900000,373350,864660,73160000,0
corvus-image-aot,ui5,7000000,376110,980900,2120000,0
corvus-generated-jit,ui5,134400000,372810,850560,51270000,0
corvus-generated-aot,ui5,7500000,372630,952860,2010000,0
blaze-compile,ui5-manifest,145800000,1180000,13836265,199500000,
blaze-template,ui5-manifest,194600000,1180000,13836265,0,
corvus-runtime-jit,ui5-manifest,260500000,1280000,2520000,145970000,0
corvus-runtime-r2r,ui5-manifest,133500000,1240000,2670000,,0
corvus-runtime-aot,ui5-manifest,23700000,1290000,2890000,10450000,0
corvus-image-jit,ui5-manifest,183300000,1280000,2520000,82930000,0
corvus-image-aot,ui5-manifest,13700000,1290000,2890000,4800000,0
corvus-generated-jit,ui5-manifest,174200000,1240000,2570000,68380000,0
corvus-generated-aot,ui5-manifest,14200000,1270000,2860000,4880000,0
blaze-compile,unreal-engine-uproject,8400000,217520,3861450,2900000,
blaze-template,unreal-engine-uproject,8000000,217520,3861450,0,
corvus-runtime-jit,unreal-engine-uproject,146200000,160620,570060,82740000,0
corvus-runtime-r2r,unreal-engine-uproject,52900000,159290,647250,,0
corvus-runtime-aot,unreal-engine-uproject,4500000,190960,661130,320000,0
corvus-image-jit,unreal-engine-uproject,121500000,160620,570060,26710000,0
corvus-image-aot,unreal-engine-uproject,4000000,190960,661130,510000,0
corvus-generated-jit,unreal-engine-uproject,113300000,159420,565460,40830000,0
corvus-generated-aot,unreal-engine-uproject,4700000,219100,730750,530000,0
blaze-compile,vercel,12400000,114670,2760389,7800000,
blaze-template,vercel,10000000,114670,2760389,0,
corvus-runtime-jit,vercel,161400000,87700,358930,77630000,0
corvus-runtime-r2r,vercel,55200000,87570,411120,,0
corvus-runtime-aot,vercel,4600000,100090,423320,750000,0
corvus-image-jit,vercel,130000000,87700,358930,27490000,0
corvus-image-aot,vercel,4300000,100090,423320,680000,0
corvus-generated-jit,vercel,114700000,87020,360370,36810000,0
corvus-generated-aot,vercel,4800000,103740,407850,740000,0
blaze-compile,yamllint,6400000,6340,3811387,300000,
blaze-template,yamllint,6400000,6340,3811387,0,
corvus-runtime-jit,yamllint,134200000,11730,424090,58760000,0
corvus-runtime-r2r,yamllint,43900000,14980,434350,,0
corvus-runtime-aot,yamllint,3900000,13260,448540,110000,0
corvus-image-jit,yamllint,107600000,11730,424090,15730000,0
corvus-image-aot,yamllint,3800000,13260,448540,30000,0
corvus-generated-jit,yamllint,107300000,11700,380350,28210000,0
corvus-generated-aot,yamllint,4200000,15180,445960,60000,0
